{"cameraMode":{"drawMode":0,"name":"Shaded","section":"Shading Mode"},"sceneLighting":true,"audioPlay":false,"sceneViewState":{"showFog":true,"showMaterialUpdate":false,"showSkybox":true,"showFlares":true,"showImageEffects":true,"showParticleSystems":true},"in2DMode":false,"pivot":{"x":6.859206676483154,"y":13.9805326461792,"z":311.4879150390625},"rotation":{"x":0.05913684517145157,"y":0.4652172923088074,"z":-0.031174732372164727,"w":0.8826685547828674},"size":66.4666519165039,"orthographic":false}