{"cameraMode":{"drawMode":0,"name":"Shaded","section":"Shading Mode"},"sceneLighting":false,"audioPlay":false,"sceneViewState":{"showFog":true,"showMaterialUpdate":false,"showSkybox":true,"showFlares":true,"showImageEffects":true,"showParticleSystems":true},"in2DMode":false,"pivot":{"x":14.811712265014649,"y":0.5400000214576721,"z":6.730762481689453},"rotation":{"x":0.15012213587760926,"y":-0.30312028527259829,"z":0.04841967299580574,"w":0.9398068785667419},"size":9.15334701538086,"orthographic":false}