{"cameraMode":{"drawMode":0,"name":"Shaded","section":"Shading Mode"},"sceneLighting":false,"audioPlay":false,"sceneViewState":{"showFog":true,"showMaterialUpdate":false,"showSkybox":true,"showFlares":true,"showImageEffects":true,"showParticleSystems":true},"in2DMode":false,"pivot":{"x":10.026830673217774,"y":6.884639263153076,"z":10.006315231323243},"rotation":{"x":-0.24038881063461305,"y":0.1484411507844925,"z":-0.03730681166052818,"w":-0.9585335850715637},"size":48.11893081665039,"orthographic":false}